id;address;city;first_name;last_name;telephone
1;nor license lest;New Erwin;Meaghan;Brown;367-336-2118
2;packaging;East Winifred;Jaida;Smitham;(394) 981-5851 x1068
3;communicate instead;New Dillonborough;Maximillian;Nicolas;(402) 807-5658 x00676
4;easy finally;Corneliusstad;Dan;Bruen;(887) 671-4065
5;coil entomb;West Leone;Deshaun;Moore;(548) 409-3751 x4405
6;under despite riser;South Reinhold;Francesca;Durgan;1-595-881-0659 x390
7;alongside deployment rightfully;Fort Lauderdale;Hal;Morissette;548.935.0872 x9959
8;into but;Terryside;Robb;Ryan;759.266.0261 x5399
9;through;West Elianboro;Jermey;Dicki;(304) 861-8492
10;gurn;Baytown;Gennaro;Lowe;490.601.4277 x0097
